{
  "early_detection_histogram": {
    "bins": [
      0,
      1,
      2,
      3,
      4,
      5,
      6,
      7,
      8,
      9,
      10,
      11,
      12,
      13
    ],
    "values": [
      8,
      9,
      10,
      8,
      8,
      10,
      11,
      10,
      9,
      10,
      8,
      7,
      9,
      9,
      9,
      6,
      7,
      11,
      9,
      11,
      11,
      12,
      9,
      10,
      8,
      6,
      5,
      5,
      9,
      11,
      12,
      8,
      10,
      8,
      7,
      8,
      8,
      8,
      8,
      7,
      11,
      8,
      6,
      8,
      12,
      8,
      8,
      8
    ],
    "xlabel": "Days Before Visible Symptoms",
    "ylabel": "Number of Cases",
    "title": "Early Detection Distribution (Mean: 11.2 days)"
  },
  "severity_performance": {
    "labels": [
      "Mild",
      "Moderate",
      "Severe"
    ],
    "accuracy": [
      85.71428571428571,
      95.23809523809523,
      100.0
    ],
    "days_early": [
      6.833333333333333,
      7.95,
      9.909090909090908
    ]
  },
  "confusion_matrix_data": {
    "true_positives": 48,
    "false_positives": 2,
    "true_negatives": 0,
    "false_negatives": 2
  }
}